epoch,phase,loss,accuracy
1,train,2.1855334622059868,0.22633501967397415
1,test,2.1133039524423025,0.1973305954825462
