epoch,phase,loss,accuracy
1,train,2.250498220476962,0.1736087689713322
1,test,2.0391113967621353,0.2295687885010267
