epoch,phase,loss,accuracy
1,train,1.5348373159791326,0.6401911186059585
1,test,0.714488489255768,0.7823408624229979
