epoch,phase,loss,accuracy
1,train,1.9734648127848007,0.3003372681281619
1,test,1.7063592366369353,0.386652977412731
