epoch,phase,loss,accuracy
1,train,1.674165793615087,0.5969364811691962
1,test,0.6115519999478632,0.7829568788501027
