epoch,phase,loss,accuracy
1,train,1.2600469111994186,0.8100899381675098
1,test,0.4823874544436437,0.8517453798767967
2,train,1.158990172712638,0.8117762788083193
2,test,0.4980257075425291,0.8523613963039014
3,train,1.1630855180360817,0.8060146149522204
3,test,0.5188186373186797,0.8531827515400411
