epoch,phase,loss,accuracy
1,train,1.3494850715939553,0.7258010118043845
1,test,0.6579496169604315,0.8180698151950718
