epoch,phase,loss,accuracy
1,train,2.1636683747633043,0.2487071388420461
1,test,1.8256146900952475,0.3601642710472279
2,train,2.0937208894265376,0.2921866216975829
2,test,1.7461279129835126,0.39404517453798765
3,train,2.0654799471818173,0.3090781337830242
3,test,1.707409186480716,0.3995893223819302
4,train,2.049371891895528,0.31916807195053404
4,test,1.6652917048769564,0.40677618069815197
5,train,2.0434540649154602,0.3218100056211355
5,test,1.6345449802567091,0.4295687885010267
